Dataset,Seed,Model,Accuracy,F1_Macro,AUC_ROC,Brier_Score,Log_Loss,Train_Time_s,Predict_Time_s
wine,42,Parampara Legacy,0.9722222222222222,0.970961887477314,1.0,,0.0804298375851446,0.3485860824584961,0.0012390613555908
wine,42,Parampara Pro,0.9444444444444444,0.94531328320802,0.9989177489177488,,0.1235199884936733,4.393003225326538,0.0003402233123779
wine,42,Parampara Pro+,0.9444444444444444,0.94531328320802,0.9989177489177488,,0.1235199884936739,3.971870422363281,0.0002908706665039
wine,42,Ananta Legacy,0.3888888888888889,0.1866666666666666,0.552061827061827,,1.0837485880338331,70.59956049919128,0.8836610317230225
wine,42,Ananta Pro,0.9722222222222222,0.970961887477314,0.9976356976356976,,0.1236652993542449,275.1686067581177,67.92041873931885
wine,42,Samyoga Legacy,0.8888888888888888,0.8864160401002507,0.9741668054168054,,0.4498002395350471,162.58731842041016,0.908447265625
wine,42,Samyoga Shadow,0.9444444444444444,0.94531328320802,0.9989177489177488,,,0.2276418209075927,0.0004055500030517
wine,42,Samyoga Pro,0.9444444444444444,0.9457411645054664,0.9989177489177488,,,1600.539188861847,9.553365468978882
wine,42,Samyoga Go,0.9444444444444444,0.9484126984126984,0.9933561808561808,,,0.139965534210205,0.0172901153564453
wine,43,Parampara Legacy,0.9722222222222222,0.970961887477314,1.0,,0.0804298375851446,0.3657665252685547,0.0014195442199707
wine,43,Parampara Pro,0.9444444444444444,0.94531328320802,0.9989177489177488,,0.1235199884936733,4.773452520370483,0.0005087852478027
wine,43,Parampara Pro+,0.9444444444444444,0.94531328320802,0.9989177489177488,,0.1235199884936739,4.427273273468018,0.0002856254577636
wine,43,Ananta Legacy,0.3888888888888889,0.1866666666666666,0.6498839123839124,,1.0738749295723675,76.99122095108032,0.9624121189117432
wine,43,Ananta Pro,0.9722222222222222,0.970961887477314,0.9976356976356976,,0.1236652993542449,279.8012886047363,71.38386845588684
wine,43,Samyoga Legacy,0.9166666666666666,0.9197780776728144,0.9813843563843564,,0.2782928137324189,170.94693636894226,0.844097375869751
wine,43,Samyoga Shadow,0.9444444444444444,0.94531328320802,0.9989177489177488,,,0.1931445598602295,0.0006513595581054
wine,43,Samyoga Pro,0.9166666666666666,0.9162962962962964,0.9965534465534466,,,136.77944588661194,9.137637376785278
wine,43,Samyoga Go,0.9444444444444444,0.9451526251526252,0.9967532467532468,,,0.1443545818328857,0.0185253620147705
wine,44,Parampara Legacy,0.9722222222222222,0.970961887477314,1.0,,0.0804298375851446,0.4156858921051025,0.0014662742614746
wine,44,Parampara Pro,0.9444444444444444,0.94531328320802,0.9989177489177488,,0.1235199884936733,4.849246501922607,0.0003125667572021
wine,44,Parampara Pro+,0.9444444444444444,0.94531328320802,0.9989177489177488,,0.1235199884936739,4.271246910095215,0.0003137588500976
wine,44,Ananta Legacy,0.4166666666666667,0.2417582417582417,0.6789411976911977,,1.072502979477031,504.09427523612976,1.88024377822876
wine,44,Ananta Pro,0.9722222222222222,0.970961887477314,0.9976356976356976,,0.1236652993542449,378.07807326316833,65.77953696250916
wine,44,Samyoga Legacy,0.8611111111111112,0.8553723138430783,0.949172817922818,,0.7072481455950987,154.39089679718018,0.8071243762969971
wine,44,Samyoga Shadow,0.9444444444444444,0.94531328320802,0.9989177489177488,,,0.1424012184143066,0.0003957748413085
wine,44,Samyoga Pro,0.9444444444444444,0.9451526251526252,0.9965534465534466,,,123.42412877082825,8.023443460464478
wine,44,Samyoga Go,0.9722222222222222,0.9717813051146384,0.9989177489177488,,,0.1094138622283935,0.0163989067077636
iris,42,Samyoga Shadow,0.9666666666666668,0.9665831244778612,0.99,,,0.3823497295379638,0.0002143383026123
iris,43,Samyoga Shadow,0.9666666666666668,0.9665831244778612,0.99,,,0.3861970901489258,0.000199556350708
iris,44,Samyoga Shadow,0.9666666666666668,0.9665831244778612,0.99,,,0.4592800140380859,0.0003633499145507
iris,42,Parampara Legacy,1.0,1.0,1.0,,0.0546794327773257,0.3232662677764892,0.0013034343719482
iris,42,Parampara Pro,0.9333333333333332,0.9333333333333332,0.99,,0.1611645172998172,3.353062391281128,0.0003621578216552
iris,42,Parampara Pro+,0.9333333333333332,0.9333333333333332,0.99,,0.1611645172998172,3.012623310089112,0.0002987384796142
iris,42,Ananta Legacy,0.8,0.8038277511961723,0.9283333333333332,,0.7957407294208956,1225.2586755752563,0.9172446727752686
iris,42,Ananta Pro,0.9,0.899749373433584,0.99,,0.1859513036846897,5.5282816886901855,1.0930593013763428
iris,42,Samyoga Legacy,0.9666666666666668,0.9665831244778612,1.0,,0.1081879788809447,66.2793116569519,0.3354084491729736
iris,42,Samyoga Pro,0.9666666666666668,0.9665831244778612,0.99,,,86.3473916053772,5.393422365188599
iris,42,Samyoga Go,0.9333333333333332,0.9326599326599326,0.9933333333333332,,,0.1319153308868408,0.013040542602539
iris,43,Parampara Legacy,1.0,1.0,1.0,,0.0546794327773257,0.3204264640808105,0.0012242794036865
iris,43,Parampara Pro,0.9333333333333332,0.9333333333333332,0.99,,0.1611645172998172,3.409024953842163,0.0005512237548828
iris,43,Parampara Pro+,0.9333333333333332,0.9333333333333332,0.99,,0.1611645172998172,3.048100233078003,0.0003376007080078
iris,43,Ananta Legacy,0.8,0.797979797979798,0.925,,0.8550963822609174,30.3232855796814,0.3864929676055908
iris,43,Ananta Pro,0.9,0.899749373433584,0.99,,0.1859513036846897,4.4734086990356445,0.8039519786834717
iris,43,Samyoga Legacy,0.9333333333333332,0.9326599326599326,1.0,,0.1717982853188747,66.34133577346802,0.5163428783416748
iris,43,Samyoga Pro,0.9666666666666668,0.9665831244778612,0.97,,,85.03828716278076,5.397785425186157
iris,43,Samyoga Go,0.9333333333333332,0.9333333333333332,0.99,,,0.1447341442108154,0.0136499404907226
iris,44,Parampara Legacy,1.0,1.0,1.0,,0.0546794327773257,0.3056511878967285,0.0017249584197998
iris,44,Parampara Pro,0.9333333333333332,0.9333333333333332,0.99,,0.1611645172998172,3.3563461303710938,0.000340461730957
iris,44,Parampara Pro+,0.9333333333333332,0.9333333333333332,0.99,,0.1611645172998172,2.984321355819702,0.0003306865692138
iris,44,Ananta Legacy,0.8,0.797979797979798,0.925,,0.9147774799356002,31.513229370117188,0.3879833221435547
iris,44,Ananta Pro,0.9,0.899749373433584,0.99,,0.1859513036846897,4.658459663391113,0.8681681156158447
iris,44,Samyoga Legacy,1.0,1.0,1.0,,0.0589370188823666,67.93528151512146,0.3592126369476318
iris,44,Samyoga Pro,0.9666666666666668,0.9665831244778612,1.0,,,89.99737858772278,7.738270998001099
iris,44,Samyoga Go,0.9666666666666668,0.9665831244778612,0.99,,,0.2588205337524414,0.0114548206329345
moons,42,Parampara Legacy,0.85,0.8465473145780051,0.92,0.12913572064674145,0.3987615987800871,0.7971663475036621,0.0022461414337158203
moons,42,Parampara Pro,0.95,0.949874686716792,0.99,0.04625175743809169,0.1728207001604278,2.626366138458252,0.00035381317138671875
moons,42,Parampara Pro+,0.95,0.949874686716792,0.99,0.04625175743809169,0.17282070016042778,2.1978886127471924,0.0002753734588623047
moons,42,Ananta Legacy,0.8,0.797979797979798,0.81,0.2103775013416116,0.6133908698670489,19.89662528038025,0.1735305786132812
moons,42,Ananta Pro,0.95,0.949874686716792,1.0,0.0439679095053648,0.1534588218538903,2.2898902893066406,0.3053205013275146
moons,42,Samyoga Legacy,0.95,0.949874686716792,0.985,0.0499983711734693,0.1818589029604784,27.096797227859497,0.1548149585723877
moons,42,Samyoga Shadow,0.95,0.949874686716792,1.0,,,0.1277041435241699,0.000166893005371
moons,42,Samyoga Pro,0.95,0.949874686716792,1.0,,,40.2275595664978,2.5401690006256104
moons,42,Samyoga Go,0.95,0.949874686716792,1.0,,,0.1168208122253418,0.0112183094024658
moons,43,Parampara Legacy,0.85,0.8465473145780051,0.92,0.12913572064674145,0.3987615987800871,0.7824773788452148,0.0010571479797363281
moons,43,Parampara Pro,0.95,0.949874686716792,0.99,0.04625175743809169,0.1728207001604278,2.7616331577301025,0.0003745555877685547
moons,43,Parampara Pro+,0.95,0.949874686716792,0.99,0.04625175743809169,0.17282070016042778,2.3790533542633057,0.0002422332763671875
moons,43,Ananta Legacy,0.9,0.898989898989899,0.8800000000000001,0.2318248507918971,0.6567289756826575,10.746140003204346,0.1402366161346435
moons,43,Ananta Pro,0.95,0.949874686716792,1.0,0.0439679095053648,0.1534588218538903,1.9647517204284668,0.2515325546264648
moons,43,Samyoga Legacy,0.95,0.949874686716792,0.98,0.0600024407669542,0.1956665335620352,23.85335397720337,0.1498513221740722
moons,43,Samyoga Shadow,0.95,0.949874686716792,1.0,,,0.1225159168243408,0.0001585483551025
moons,43,Samyoga Pro,0.95,0.949874686716792,1.0,,,39.76756262779236,2.532008409500122
moons,43,Samyoga Go,0.95,0.949874686716792,1.0,,,0.1496431827545166,0.0114963054656982
moons,44,Parampara Legacy,0.85,0.8465473145780051,0.92,0.12913572064674145,0.3987615987800871,0.8029553890228271,0.0010402202606201172
moons,44,Parampara Pro,0.95,0.949874686716792,0.99,0.04625175743809169,0.1728207001604278,2.6937170028686523,0.000499725341796875
moons,44,Parampara Pro+,0.95,0.949874686716792,0.99,0.04625175743809169,0.17282070016042778,3.382608652114868,0.00031304359436035156
moons,44,Ananta Legacy,0.85,0.8465473145780051,0.9,0.2268263780464733,0.6465919556501101,10.715022563934326,0.1442523002624511
moons,44,Ananta Pro,0.95,0.949874686716792,1.0,0.0439679095053648,0.1534588218538903,1.9311010837554927,0.245847463607788
moons,44,Samyoga Legacy,0.9,0.898989898989899,0.93,0.078105190564076,0.3226074205477397,23.98824644088745,0.1504545211791992
moons,44,Samyoga Shadow,0.95,0.949874686716792,1.0,,,0.1214826107025146,0.0001654624938964
moons,44,Samyoga Pro,0.95,0.949874686716792,1.0,,,40.10619521141052,2.5330240726470947
moons,44,Samyoga Go,0.95,0.949874686716792,1.0,,,0.1149873733520507,0.0084102153778076
